"","Species","DepthRangeShallow","DepthRangeDeep"
"1","Ablennes hians",0,3
"2","Similiparma lurida",0,25
"3","Acanthistius brasilianus",30,NA
"4","Acanthocybium solandri",0,20
"5","Acanthopagrus berda",NA,50
"6","Acanthopagrus bifasciatus",2,20
"7","Acanthopagrus schlegelii",15,NA
"8","Acanthuridae",NA,NA
"9","Acanthurus sohal",0,NA
"10","Acetes japonicus",NA,NA
"11","Aequipecten opercularis",NA,NA
"12","Aethaloperca rogaa",3,60
"13","Albula vulpes",0,84
"14","Alectis alexandrina",NA,70
"15","Alepes djedaba",NA,NA
"16","Alepocephalus bairdii",365,1700
"17","Alepocephalus rostratus",300,2250
"18","Allocyttus niger",560,1300
"19","Alopias",NA,NA
"20","Alopias superciliosus",0,730
"21","Alopias vulpinus",0,650
"22","Alosa",NA,NA
"23","Alosa aestivalis",5,55
"24","Alosa alosa",10,300
"25","Alosa fallax",10,400
"26","Alosa immaculata",3,90
"27","Alosa mediocris",NA,NA
"28","Alosa pseudoharengus",5,145
"29","Alosa sapidissima",0,250
"30","Ambassidae",NA,NA
"31","Amblyraja georgiana",20,350
"32","Amblyraja hyperborea",92,2925
"33","Ammodytes",NA,NA
"34","Ammodytes personatus",0,172
"35","Ammodytidae",NA,NA
"36","Anadara",NA,NA
"37","Anarhichas",NA,NA
"38","Anarhichas denticulatus",60,1700
"39","Anarhichas lupus",1,600
"40","Anarhichas minor",25,600
"41","Anchoa hepsetus",1,70
"42","Anchoa mitchilli",1,70
"43","Anguilliformes",NA,NA
"44","Anodontostoma chacunda",0,50
"45","Anoplopoma fimbria",175,2740
"46","Anthias anthias",NA,300
"47","Antimora rostrata",350,3000
"48","Aphanopus carbo",200,2300
"49","Aphanopus intermedius",300,1350
"50","Aphareus rutilans",100,330
"51","Apogonidae",NA,NA
"52","Apostichopus japonicus",NA,NA
"53","Aprion virescens",0,180
"54","Arca",NA,NA
"55","Archosargus probatocephalus",15,NA
"56","Arctica islandica",NA,NA
"57","Arctoscopus japonicus",0,550
"58","Argentina",NA,NA
"59","Argentina silus",140,1440
"60","Argentina sphyraena",50,700
"61","Argopecten irradians",NA,NA
"62","Argopecten purpuratus",NA,NA
"63","Argopecten ventricosus",NA,NA
"64","Argyrops spinifer",1,450
"65","Argyrosomus regius",15,300
"66","Argyrozona argyrozona",20,200
"67","Ariidae",NA,NA
"68","Ariomma indicum",20,300
"69","Aristaeomorpha foliacea",NA,NA
"70","Aristaeopsis edwardsiana",NA,NA
"71","Aristeidae",NA,NA
"72","Aristeus antennatus",NA,NA
"73","Aristeus varidens",NA,NA
"74","Arnoglossus laterna",10,200
"75","Arripis georgianus",1,NA
"76","Arripis trutta",30,39
"77","Artedidraconidae",NA,NA
"78","Artemesia longinaris",NA,NA
"79","Ascidiacea",NA,NA
"80","Asteroidea",NA,NA
"81","Atactodea",NA,NA
"82","Atheresthes evermanni",20,1200
"83","Atheresthes stomias",18,950
"84","Atherina boyeri",1,NA
"85","Atherina presbyter",NA,NA
"86","Atherinidae",NA,NA
"87","Atractoscion aequidens",15,200
"88","Atractoscion nobilis",0,122
"89","Atrobucca nibe",45,200
"90","Atule mate",1,80
"91","Aulacomya atra",NA,NA
"92","Austroglossus",NA,NA
"93","Austroglossus microlepis",100,400
"94","Austroglossus pectoralis",10,400
"95","Auxis",NA,NA
"96","Auxis rochei",10,NA
"97","Auxis thazard",50,NA
"98","Balistes capriscus",0,100
"99","Balistidae",NA,NA
"100","Bathydraconidae",NA,NA
"101","Bathylagidae",NA,NA
"102","Bathylagus",NA,NA
"103","Bathyraja",NA,NA
"104","Bathyraja eatonii",NA,NA
"105","Bathyraja irrasa",565,1218
"106","Bathyraja maccaini",167,500
"107","Bathyraja meridionalis",NA,800
"108","Bathyraja murrayi",NA,800
"109","Batrachoididae",NA,NA
"110","Belone",NA,NA
"111","Belone belone",0,NA
"112","Belonidae",NA,NA
"113","Benthodesmus",NA,NA
"114","Berycidae",NA,NA
"115","Beryx",NA,NA
"116","Beryx decadactylus",110,1000
"117","Beryx splendens",25,1300
"118","Bivalvia",NA,NA
"119","Bolbometopon muricatum",1,40
"120","Boops boops",0,350
"121","Boreogadus saida",0,400
"122","Borostomias antarcticus",300,2630
"123","Bothidae",NA,NA
"124","Bothus pantherinus",3,150
"125","Brachydeuterus auritus",10,100
"126","Brachyura",NA,NA
"127","Brama brama",0,1000
"128","Bramidae",NA,NA
"129","Bregmaceros mcclellandi",0,2000
"130","Brevoortia aurea",NA,NA
"131","Brevoortia patronus",0,50
"132","Brevoortia pectinata",5,NA
"133","Brevoortia tyrannus",0,50
"134","Brosme brosme",18,1000
"135","Brotula barbata",NA,650
"136","Buccinum undatum",NA,NA
"137","Busycon",NA,NA
"138","Caesionidae",NA,NA
"139","Calamus",NA,NA
"140","Calamus bajonado",3,200
"141","Callinectes",NA,NA
"142","Callinectes danae",NA,NA
"143","Callinectes sapidus",NA,NA
"144","Callista chione",NA,NA
"145","Callorhinchus capensis",10,374
"146","Callorhinchus milii",0,227
"147","Calotomus",NA,NA
"148","Cancer borealis",NA,NA
"149","Cancer irroratus",NA,NA
"150","Cancer pagurus",NA,NA
"151","Cancer productus",NA,NA
"152","Cantherhines",NA,NA
"153","Caproidae",NA,NA
"154","Capros aper",40,700
"155","Carangidae",NA,NA
"156","Carangoides bajad",2,70
"157","Carangoides fulvoguttatus",NA,100
"158","Caranx",NA,NA
"159","Caranx crysos",0,100
"160","Caranx hippos",1,350
"161","Caranx ignobilis",10,188
"162","Caranx melampygus",0,190
"163","Caranx rhonchus",30,200
"164","Caranx sexfasciatus",0,146
"165","Carcharhinidae",NA,NA
"166","Carcharhiniformes",NA,NA
"167","Carcharhinus brachyurus",0,360
"168","Carcharhinus falciformis",0,4000
"169","Carcharhinus limbatus",0,100
"170","Carcharhinus longimanus",0,230
"171","Carcharhinus plumbeus",0,500
"172","Carcharhinus sorrah",0,140
"173","Carcharias taurus",1,191
"174","Carcharodon carcharias",0,1200
"175","Carcinus aestuarii",NA,NA
"176","Carcinus maenas",NA,NA
"177","Cardiidae",NA,NA
"178","Caulolatilus chrysops",76,244
"179","Caulolatilus princeps",10,91
"180","Centriscops humerosus",35,1000
"181","Centroberyx affinis",10,450
"182","Centrolophidae",NA,NA
"183","Centrolophus niger",40,1050
"184","Centrophorus granulosus",50,1440
"185","Centrophorus lusitanicus",300,1400
"186","Centrophorus squamosus",145,2400
"187","Centropomus",NA,NA
"188","Centropomus undecimalis",NA,22
"189","Centropristis striata",1,NA
"190","Centroscyllium fabricii",NA,NA
"191","Centroscymnus coelolepis",128,3700
"192","Centroscymnus crepidater",230,1500
"193","Cephalopholis argus",1,40
"194","Cephalopholis boenak",1,64
"195","Cephalopholis fulva",1,150
"196","Cephalopholis hemistiktos",4,55
"197","Cephalopholis miniata",2,150
"198","Cephalopoda",NA,NA
"199","Cepola macrophthalma",15,400
"200","Cerastoderma edule",NA,NA
"201","Cervimunida johni",NA,NA
"202","Cetengraulis edentulus",10,NA
"203","Cetengraulis mysticetus",0,32
"204","Cetorhinus maximus",0,2000
"205","Chaenocephalus aceratus",5,770
"206","Chaenodraco wilsoni",200,800
"207","Champsocephalus gunnari",0,700
"208","Channichthyidae",NA,NA
"209","Channichthys rhinoceratus",1,750
"210","Charybdis",NA,NA
"211","Cheilinus undulatus",1,100
"212","Cheilodactylus variegatus",NA,NA
"213","Cheimerius nufar",20,300
"214","Chelidonichthys capensis",10,390
"215","Chelidonichthys cuculus",15,400
"216","Chelidonichthys kumu",1,200
"217","Chelidonichthys lastoviza",10,150
"218","Chelidonichthys lucerna",20,318
"219","Chelon auratus",10,NA
"220","Chelon labrosus",NA,NA
"221","Chelon saliens",10,NA
"222","Chimaera monstrosa",40,1400
"223","Chimaeriformes",NA,NA
"224","Chionobathyscus dewitti",500,2000
"225","Chionodraco myersi",200,800
"226","Chionodraco rastrospinosus",0,1000
"227","Chionoecetes",NA,NA
"228","Chionoecetes opilio",NA,NA
"229","Chirocentrus",NA,NA
"230","Chirocentrus dorab",NA,120
"231","Chirocentrus nudus",0,150
"232","Chlamys islandica",NA,NA
"233","Chlorophthalmidae",NA,NA
"234","Chloroscombrus chrysurus",0,110
"235","Chloroscombrus orqueta",NA,NA
"236","Choromytilus chorus",NA,NA
"237","Chromis chromis",2,40
"238","Chrysoblephus",NA,NA
"239","Cilus gilberti",NA,NA
"240","Citharichthys sordidus",0,549
"241","Citharus linguatula",NA,300
"242","Clinocardium nuttallii",NA,NA
"243","Clupanodon thrissa",0,50
"244","Clupea harengus",0,364
"245","Clupea pallasii pallasii",0,475
"246","Clupeidae",NA,NA
"247","Clupeiformes",NA,NA
"248","Clupeonella cultriventris",10,13
"249","Cololabis saira",0,230
"250","Concholepas concholepas",NA,NA
"251","Conger conger",0,1171
"252","Conger myriaster",320,830
"253","Conger oceanicus",1,477
"254","Conger orbignianus",10,NA
"255","Congridae",NA,NA
"256","Conodon nobilis",1,100
"257","Coregonus",NA,NA
"258","Coregonus albula",30,NA
"259","Coregonus autumnalis",NA,NA
"260","Coregonus laurettae",NA,NA
"261","Coregonus muksun",NA,NA
"262","Coregonus nasus",NA,NA
"263","Coregonus sardinella",NA,NA
"264","Coris julis",0,120
"265","Coryphaena",NA,NA
"266","Coryphaena hippurus",0,85
"267","Coryphaenoides rupestris",180,2600
"268","Cottidae",NA,NA
"269","Crangon",NA,NA
"270","Crangon crangon",NA,NA
"271","Crangonidae",NA,NA
"272","Crassostrea",NA,NA
"273","Crassostrea rhizophorae",NA,NA
"274","Crassostrea virginica",NA,NA
"275","Crenidens crenidens",NA,NA
"276","Cromileptes altivelis",2,40
"277","Cryodraco antarcticus",90,600
"278","Cyclopterus lumpus",0,868
"279","Cymbium",NA,NA
"280","Cynoglossidae",NA,NA
"281","Cynoscion",NA,NA
"282","Cynoscion analis",10,NA
"283","Cynoscion nebulosus",10,NA
"284","Cynoscion regalis",10,26
"285","Cynoscion striatus",NA,60
"286","Cyttus traversi",200,978
"287","Dalatias licha",37,1800
"288","Dasyatidae",NA,NA
"289","Dasyatis",NA,NA
"290","Bathytoshia centroura",3,270
"291","Dasyatis pastinaca",5,200
"292","Deania calcea",60,1490
"293","Decapterus",NA,NA
"294","Decapterus macrosoma",20,214
"295","Decapterus maruadsi",0,NA
"296","Decapterus russelli",40,275
"297","Dentex",NA,NA
"298","Dentex angolensis",15,300
"299","Dentex congoensis",130,400
"300","Dentex dentex",0,200
"301","Dentex macrophthalmus",30,500
"302","Dentex maroccanus",20,500
"303","Diagramma pictum",1,170
"304","Diastobranchus capensis",183,2000
"305","Dicentrarchus",NA,NA
"306","Dicentrarchus labrax",10,100
"307","Dicentrarchus punctatus",30,NA
"308","Dicologlossa cuneata",10,460
"309","Diplectrum formosum",1,80
"310","Diplodus",NA,NA
"311","Diplodus annularis",0,90
"312","Diplodus argenteus",0,NA
"313","Diplodus cervinus",30,300
"314","Diplodus puntazzo",0,150
"315","Diplodus sargus",0,50
"316","Diplodus vulgaris",0,160
"317","Dipturus batis",100,1000
"318","Dipturus oxyrinchus",70,1230
"319","Dissostichus eleginoides",50,3850
"320","Dissostichus mawsoni",0,2200
"321","Donax",NA,NA
"322","Dorosoma cepedianum",0,33
"323","Doryteuthis  Amerigo  gahi",NA,NA
"324","Doryteuthis  Amerigo  opalescens",NA,NA
"325","Doryteuthis  Amerigo  pealeii",NA,NA
"326","Dosidicus gigas",NA,NA
"327","Dussumieria acuta",10,20
"328","Dussumieria elopsoides",0,50
"329","Echeneidae",NA,NA
"330","Echinoidea",NA,NA
"331","Echinorhinus brucus",10,900
"332","Echinus esculentus",NA,NA
"333","Elagatis bipinnulata",0,150
"334","Elasmobranchii",NA,NA
"335","Electrona carlsbergi",1,1008
"336","Eledone",NA,NA
"337","Eledone cirrhosa",NA,NA
"338","Eleginops maclovinus",NA,NA
"339","Eleginus gracilis",0,300
"340","Eleginus nawaga",10,NA
"341","Eleutheronema tetradactylum",0,23
"342","Elops lacerta",1,50
"343","Elops saurus",0,50
"344","Emmelichthys nitidus nitidus",86,500
"345","Engraulidae",NA,NA
"346","Engraulis anchoita",30,200
"347","Engraulis encrasicolus",0,400
"348","Engraulis japonicus",0,400
"349","Engraulis mordax",0,310
"350","Engraulis ringens",3,80
"351","Ensis ensis",NA,NA
"352","Ensis leei",NA,NA
"353","Eopsetta jordani",0,550
"354","Ephippidae",NA,NA
"355","Epigonus",NA,NA
"356","Epigonus telescopus",75,1200
"357","Epinephelus",NA,NA
"358","Epinephelus aeneus",20,200
"359","Epinephelus analogus",50,NA
"360","Epinephelus areolatus",6,200
"361","Epinephelus chlorostigma",4,300
"362","Epinephelus coioides",1,100
"363","Epinephelus fuscoguttatus",1,60
"364","Epinephelus goreensis",80,300
"365","Epinephelus guttatus",100,NA
"366","Epinephelus marginatus",8,300
"367","Epinephelus merra",0,50
"368","Epinephelus morio",5,330
"369","Epinephelus morrhua",80,370
"370","Epinephelus multinotatus",1,110
"371","Epinephelus striatus",1,90
"372","Epinephelus summana",1,30
"373","Epinephelus tauvina",1,300
"374","Erimacrus isenbeckii",NA,NA
"375","Etelis oculatus",100,450
"376","Ethmalosa fimbriata",0,NA
"377","Ethmidium maculatum",0,50
"378","Etmopterus",NA,NA
"379","Etmopterus spinax",200,2490
"380","Etrumeus whiteheadi",0,200
"381","Euphausia superba",NA,NA
"382","Euthynnus affinis",0,200
"383","Euthynnus alletteratus",1,150
"384","Euthynnus lineatus",0,40
"385","Eutrigla gurnardus",10,340
"386","Exocoetidae",NA,NA
"387","Fistularia corneta",NA,NA
"388","Gadidae",NA,NA
"389","Gadiformes",NA,NA
"390","Gadus chalcogrammus",NA,1280
"391","Gadus macrocephalus",10,1280
"392","Gadus morhua",0,600
"393","Gaidropsarus",NA,NA
"394","Galeocerdo cuvier",0,800
"395","Galeoides decadactylus",10,70
"396","Galeorhinus galeus",0,1100
"397","Galeus",NA,NA
"398","Galeus melastomus",55,1873
"399","Gastropoda",NA,NA
"400","Gempylidae",NA,NA
"401","Genyonemus lineatus",NA,183
"402","Genypterus",NA,NA
"403","Genypterus blacodes",22,1000
"404","Genypterus capensis",50,500
"405","Genypterus maculatus",NA,NA
"406","Gerreidae",NA,NA
"407","Gerres",NA,NA
"408","Gerres nigri",NA,60
"409","Gerres oyena",0,20
"410","Geryon",NA,NA
"411","Girella tricuspidata",0,20
"412","Glycymeris glycymeris",NA,NA
"413","Glyptocephalus cynoglossus",18,1570
"414","Gnathanodon speciosus",NA,80
"415","Gobiidae",NA,NA
"416","Gobionotothen acuta",30,300
"417","Gobionotothen gibberifrons",6,429
"418","Gobius niger",1,96
"419","Grammoplites suppositus",30,94
"420","Gymnocranius",NA,NA
"421","Gymnosarda unicolor",10,250
"422","Gymnoscopelus nicholsi",300,NA
"423","Gymnothorax",NA,NA
"424","Gymnura altavela",5,100
"425","Haemulidae",NA,NA
"426","Haemulinae",NA,NA
"427","Halargyreus johnsonii",450,3000
"428","Haliotis",NA,NA
"429","Haliotis midae",NA,NA
"430","Haliotis rubra",NA,NA
"431","Haliotis tuberculata",NA,NA
"432","Haliporoides diomedeae",NA,NA
"433","Haliporoides triarthrus",NA,NA
"434","Halobatrachus didactylus",10,50
"435","Harengula",NA,NA
"436","Harpadon nehereus",50,NA
"437","Helicolenus dactylopterus",50,1100
"438","Hemiramphidae",NA,NA
"439","Hemiramphus",NA,NA
"440","Hemiramphus brasiliensis",0,5
"441","Hemitrygon akajei",10,NA
"442","Heptranchias perlo",0,1000
"443","Herklotsichthys quadrimaculatus",1,13
"444","Heterocarpus reedi",NA,NA
"445","Heterocarpus vicarius",NA,NA
"446","Hexanchus griseus",1,2500
"447","Hippoglossoides elassodon",0,1050
"448","Hippoglossoides platessoides",10,3000
"449","Hippoglossus hippoglossus",50,2000
"450","Hippoglossus stenolepis",0,1200
"451","Holocentridae",NA,NA
"452","Holothuroidea",NA,NA
"453","Holthuispenaeopsis atlantica",NA,NA
"454","Homarus americanus",NA,NA
"455","Homarus gammarus",NA,NA
"456","Hoplostethus atlanticus",180,1809
"457","Hoplostethus mediterraneus",100,1175
"458","Hydrolagus",NA,NA
"459","Hydrolagus colliei",0,913
"460","Hydrolagus novaezealandiae",25,950
"461","Hyperoglyphe antarctica",40,1500
"462","Hyperoglyphe bythites",NA,403
"463","Hypoptychus dybowskii",NA,NA
"464","Hyporhamphus sajori",30,NA
"465","Hyporthodus flavolimbatus",90,360
"466","Hyporthodus mystacinus",30,400
"467","Hyporthodus nigritus",55,525
"468","Hyporthodus niveatus",30,525
"469","Ibacus ciliatus",NA,NA
"470","Ilisha africana",0,35
"471","Ilisha elongata",5,NA
"472","Illex argentinus",NA,NA
"473","Illex coindetii",NA,NA
"474","Isacia conceptionis",0,50
"475","Istiompax indica",0,915
"476","Istiophoridae",NA,NA
"477","Istiophorus albicans",0,200
"478","Istiophorus platypterus",0,200
"479","Isurus",NA,NA
"480","Isurus oxyrinchus",0,750
"481","Isurus paucus",0,1752
"482","Jasus edwardsii",NA,NA
"483","Jasus frontalis",NA,NA
"484","Jasus lalandii",NA,NA
"485","Joturus pichardi",10,NA
"486","Kajikia albida",0,150
"487","Kajikia audax",0,200
"488","Kathetostoma giganteum",30,600
"489","Katsuwonus pelamis",0,260
"490","Konosirus punctatus",NA,NA
"491","Kyphosus",NA,NA
"492","Labridae",NA,NA
"493","Labrus bergylta",1,50
"494","Labrus merula",NA,NA
"495","Lactarius lactarius",15,100
"496","Lamna nasus",0,1360
"497","Lamnidae",NA,NA
"498","Lamniformes",NA,NA
"499","Lampanyctodes hectoris",0,NA
"500","Lampris guttatus",0,500
"501","Larimichthys crocea",0,120
"502","Larimichthys polyactis",NA,120
"503","Lateolabrax japonicus",5,NA
"504","Lates calcarifer",10,40
"505","Latridae",NA,NA
"506","Leiognathidae",NA,NA
"507","Leiognathus",NA,NA
"508","Leiostomus xanthurus",NA,60
"509","Lepidocybium flavobrunneum",200,1100
"510","Lepidonotothen squamifrons",10,900
"511","Lepidoperca pulchella",50,400
"512","Lepidopsetta bilineata",0,575
"513","Lepidopus caudatus",42,620
"514","Lepidorhombus",NA,NA
"515","Lepidorhombus boscii",7,800
"516","Lepidorhombus whiffiagonis",100,700
"517","Lepidorhynchus denticulatus",180,1000
"518","Lepidotrigla cavillone",30,450
"519","Lethrinidae",NA,NA
"520","Lethrinus atlanticus",1,50
"521","Lethrinus borbonicus",NA,40
"522","Lethrinus harak",0,20
"523","Lethrinus lentjan",10,90
"524","Lethrinus mahsena",2,100
"525","Lethrinus microdon",10,80
"526","Lethrinus nebulosus",10,75
"527","Lethrinus obsoletus",NA,30
"528","Lethrinus xanthochilus",5,150
"529","Leucoraja circularis",70,676
"530","Leucoraja erinacea",0,329
"531","Leucoraja fullonica",30,550
"532","Leucoraja naevus",20,500
"533","Leukoma staminea",NA,NA
"534","Lichia amia",0,50
"535","Limanda aspera",0,700
"536","Limanda ferruginea",27,364
"537","Limanda limanda",20,150
"538","Limulus polyphemus",NA,NA
"539","Lindbergichthys mizops",20,220
"540","Lindbergichthys nudifrons",3,400
"541","Liocarcinus depurator",NA,NA
"542","Lithodes",NA,NA
"543","Lithodes aequispinus",NA,NA
"544","Lithodidae",NA,NA
"545","Lithognathus",NA,NA
"546","Lithognathus mormyrus",0,150
"547","Littorina",NA,NA
"548","Littorina littorea",NA,NA
"549","Liza klunzingeri",NA,NA
"550","Lobotes surinamensis",0,70
"551","Loligo",NA,NA
"552","Loligo forbesii",NA,NA
"553","Lophiidae",NA,NA
"554","Lophius",NA,NA
"555","Lophius americanus",0,800
"556","Lophius budegassa",70,1013
"557","Lophius gastrophysus",40,700
"558","Lophius piscatorius",20,1000
"559","Lophius vaillanti",200,800
"560","Lophius vomerinus",150,400
"561","Lopholatilus chamaeleonticeps",80,540
"562","Loxechinus albus",NA,NA
"563","Lutjanidae",NA,NA
"564","Lutjanus",NA,NA
"565","Lutjanus analis",25,95
"566","Lutjanus argentimaculatus",1,120
"567","Lutjanus argentiventris",3,60
"568","Lutjanus bohar",4,180
"569","Lutjanus campechanus",10,190
"570","Lutjanus gibbus",1,150
"571","Lutjanus griseus",5,180
"572","Lutjanus guttatus",10,60
"573","Lutjanus johnii",0,80
"574","Lutjanus kasmira",3,265
"575","Lutjanus malabaricus",12,100
"576","Lutjanus purpureus",26,340
"577","Lutjanus quinquelineatus",2,40
"578","Lutjanus synagris",10,400
"579","Lutjanus vivanus",90,242
"580","Lycodes",NA,NA
"581","Macrodon ancylodon",0,60
"582","Macroramphosus scolopax",25,600
"583","Macrouridae",NA,NA
"584","Macrourus",NA,NA
"585","Macrourus berglax",100,1000
"586","Macrourus carinatus",200,1200
"587","Macrourus whitsoni",400,3185
"588","Macruronus magellanicus",30,500
"589","Macruronus novaezelandiae",0,1000
"590","Mactridae",NA,NA
"591","Mactromeris polynyma",NA,NA
"592","Magallana gigas",NA,NA
"593","Maja squinado",NA,NA
"594","Makaira mazara",0,200
"595","Makaira nigricans",0,1000
"596","Malacanthidae",NA,NA
"597","Mallotus villosus",0,725
"598","Mancopsetta maculata",100,1115
"599","Martialia hyadesi",NA,NA
"600","Maurolicus muelleri",271,1524
"601","Megalaspis cordyla",20,100
"602","Megalops atlanticus",0,40
"603","Megalops cyprinoides",50,NA
"604","Melanogrammus aeglefinus",10,450
"605","Mene maculata",50,200
"606","Menidia menidia",0,3
"607","Menippe mercenaria",NA,NA
"608","Menticirrhus",NA,NA
"609","Menticirrhus littoralis",10,NA
"610","Menticirrhus saxatilis",10,NA
"611","Mercenaria mercenaria",NA,NA
"612","Meretrix",NA,NA
"613","Meretrix lusoria",NA,NA
"614","Merlangius merlangus",10,200
"615","Merluccius",NA,NA
"616","Merluccius angustimanus",80,523
"617","Merluccius australis",28,1000
"618","Merluccius bilinearis",55,914
"619","Merluccius capensis",50,1000
"620","Merluccius gayi gayi",50,500
"621","Merluccius hubbsi",50,800
"622","Merluccius merluccius",30,1075
"623","Merluccius polli",50,1000
"624","Merluccius productus",0,1000
"625","Merluccius senegalensis",15,800
"626","Mesodesma donacium",NA,NA
"627","Metacarcinus magister",NA,NA
"628","Metanephrops",NA,NA
"629","Metanephrops challengeri",NA,NA
"630","Metapenaeus",NA,NA
"631","Metapenaeus endeavouri",NA,NA
"632","Metapenaeus joyneri",NA,NA
"633","Metapenaeus monoceros",NA,NA
"634","Meuschenia scaber",20,200
"635","Microchirus",NA,NA
"636","Microchirus variegatus",20,400
"637","Microcosmus vulgaris",NA,NA
"638","Microgadus tomcod",0,69
"639","Micromesistius australis",50,900
"640","Micromesistius poutassou",150,3000
"641","Micropogonias",NA,NA
"642","Micropogonias furnieri",NA,60
"643","Micropogonias undulatus",NA,100
"644","Microstomus kitt",10,200
"645","Microstomus pacificus",10,1370
"646","Miichthys miiuy",15,100
"647","Mimachlamys varia",NA,NA
"648","Mizuhopecten yessoensis",NA,NA
"649","Mobula mobular",NA,NA
"650","Modiolus",NA,NA
"651","Mola mola",30,480
"652","Molva",NA,NA
"653","Molva dypterygia",150,1000
"654","Molva molva",100,1000
"655","Monacanthidae",NA,NA
"656","Monotaxis grandoculis",1,100
"657","Crenimugil seheli",0,3
"658","Mora moro",450,2500
"659","Moridae",NA,NA
"660","Morone americana",10,NA
"661","Morone saxatilis",30,NA
"662","Mugil",NA,NA
"663","Mugil cephalus",0,120
"664","Mugilidae",NA,NA
"665","Mugil liza",10,NA
"666","Mulinia",NA,NA
"667","Mullidae",NA,NA
"668","Mulloidichthys flavolineatus",1,76
"669","Mullus",NA,NA
"670","Mullus argentinae",20,60
"671","Mullus barbatus barbatus",10,328
"672","Mullus surmuletus",5,409
"673","Muraena helena",1,801
"674","Muraenesox",NA,NA
"675","Muraenesox cinereus",NA,800
"676","Muraenidae",NA,NA
"677","Muraenolepis",NA,NA
"678","Muraenolepis microps",10,1600
"679","Murex",NA,NA
"680","Mustelus",NA,NA
"681","Mustelus asterias",0,350
"682","Mustelus henlei",0,281
"683","Mustelus lenticulatus",0,860
"684","Mustelus mustelus",5,624
"685","Mustelus schmitti",60,195
"686","Mya arenaria",NA,NA
"687","Mycteroperca",NA,NA
"688","Mycteroperca interstitialis",2,150
"689","Mycteroperca microlepis",30,160
"690","Mycteroperca phenax",30,100
"691","Mycteroperca venenosa",2,137
"692","Mycteroperca xenarcha",0,60
"693","Myctophidae",NA,NA
"694","Myliobatidae",NA,NA
"695","Myliobatis aquila",1,300
"696","Myoxocephalus",NA,NA
"697","Myoxocephalus quadricornis",0,100
"698","Mytilidae",NA,NA
"699","Mytilus",NA,NA
"700","Mytilus chilensis",NA,NA
"701","Mytilus edulis",NA,NA
"702","Mytilus galloprovincialis",NA,NA
"703","Mytilus platensis",NA,NA
"704","Mytilus unguiculatus",NA,NA
"705","Myxinidae",NA,NA
"706","Naso unicornis",1,180
"707","Necora puber",NA,NA
"708","Nemadactylus",NA,NA
"709","Nemadactylus bergi",NA,NA
"710","Nemadactylus macropterus",22,450
"711","Nematalosa nasus",0,30
"712","Nematopalaemon schmitti",NA,NA
"713","Nemipteridae",NA,NA
"714","Nemipterus",NA,NA
"715","Nemipterus japonicus",5,80
"716","Nemipterus randalli",22,450
"717","Nemipterus virgatus",1,220
"718","Neocyttus rhomboidalis",200,1240
"719","Neopagetopsis ionah",20,900
"720","Nephrops norvegicus",NA,NA
"721","Netuma thalassina",10,195
"722","Nibea mitsukurii",NA,NA
"723","Normanichthys crockeri",NA,NA
"724","Notorynchus cepedianus",0,570
"725","Notoscopelus",NA,NA
"726","Notothenia coriiceps",0,550
"727","Notothenia rossii",5,350
"728","Nototheniidae",NA,NA
"729","Nototodarus sloanii",NA,NA
"730","Oblada melanura",NA,30
"731","Octopoda",NA,NA
"732","Octopodidae",NA,NA
"733","Octopus",NA,NA
"734","Octopus vulgaris",NA,NA
"735","Ocyurus chrysurus",0,180
"736","Odontesthes regia",NA,NA
"737","Ommastrephes bartramii",NA,NA
"738","Ommastrephidae",NA,NA
"739","Oncorhynchus",NA,NA
"740","Oncorhynchus gorbuscha",0,250
"741","Oncorhynchus keta",0,250
"742","Oncorhynchus kisutch",0,250
"743","Oncorhynchus masou",0,200
"744","Oncorhynchus mykiss",0,200
"745","Oncorhynchus nerka",0,250
"746","Oncorhynchus tshawytscha",0,375
"747","Ophichthidae",NA,NA
"748","Ophidiidae",NA,NA
"749","Ophiodon elongatus",0,475
"750","Opisthonema libertate",NA,70
"751","Opisthonema oglinum",1,50
"752","Orcynopsis unicolor",NA,NA
"753","Oreosomatidae",NA,NA
"754","Orthopristis chrysoptera",10,NA
"755","Osmeridae",NA,NA
"756","Osmerus eperlanus",NA,NA
"757","Osmerus mordax",0,425
"758","Ostraciidae",NA,NA
"759","Ostrea",NA,NA
"760","Ostrea chilensis",NA,NA
"761","Ostrea edulis",NA,NA
"762","Otolithes ruber",10,40
"763","Oxynotus centrina",40,777
"764","Oxynotus paradoxus",265,720
"765","Pagellus",NA,NA
"766","Pagellus acarne",NA,500
"767","Pagellus bellottii",NA,250
"768","Pagellus bogaraveo",150,700
"769","Pagellus erythrinus",NA,300
"770","Pagrus",NA,NA
"771","Pagrus auriga",NA,170
"772","Pagrus caeruleostictus",1,200
"773","Pagrus pagrus",0,250
"774","Palaemonidae",NA,NA
"775","Palaemon longirostris",NA,NA
"776","Palaemon serratus",NA,NA
"777","Palinuridae",NA,NA
"778","Palinurus",NA,NA
"779","Palinurus delagoae",NA,NA
"780","Palinurus elephas",NA,NA
"781","Palinurus gilchristi",NA,NA
"782","Palinurus mauritanicus",NA,NA
"783","Pampus",NA,NA
"784","Pampus argenteus",5,110
"785","Pandalidae",NA,NA
"786","Pandalus",NA,NA
"787","Pandalus borealis",NA,NA
"788","Pandalus goniurus",NA,NA
"789","Pandalus hypsinotus",NA,NA
"790","Pandalus japonicus",NA,NA
"791","Pandalus jordani",NA,NA
"792","Pandalus latirostris",NA,NA
"793","Pandalus montagui",NA,NA
"794","Panopea abrupta",NA,NA
"795","Panulirus",NA,NA
"796","Panulirus argus",NA,NA
"797","Panulirus cygnus",NA,NA
"798","Panulirus gracilis",NA,NA
"799","Panulirus homarus",NA,NA
"800","Panulirus longipes",NA,NA
"801","Paphies australis",NA,NA
"802","Paracentrotus lividus",NA,NA
"803","Paralabrax humeralis",60,180
"804","Paralichthys",NA,NA
"805","Paralichthys californicus",0,183
"806","Paralichthys dentatus",10,183
"807","Paralichthys olivaceus",10,200
"808","Paralithodes",NA,NA
"809","Paralithodes camtschaticus",NA,NA
"810","Paralithodes platypus",NA,NA
"811","Paralomis",NA,NA
"812","Paralomis aculeata",NA,NA
"813","Paralomis formosa",NA,NA
"814","Paralomis granulosa",NA,NA
"815","Paralomis spinosissima",NA,NA
"816","Paralonchurus peruanus",10,NA
"817","Parapenaeopsis",NA,NA
"818","Parapenaeus longirostris",NA,NA
"819","Parapercis colias",52,150
"820","Parapristipoma octolineatum",1,60
"821","Parastromateus niger",15,105
"822","Paristiopterus labiosus",20,170
"823","Parona signata",NA,NA
"824","Parophrys vetulus",0,550
"825","Patagonotothen brevicauda brevicauda",NA,NA
"826","Patagonotothen ramsayi",50,500
"827","Patella",NA,NA
"828","Patinopecten caurinus",NA,NA
"829","Pecten jacobaeus",NA,NA
"830","Pecten maximus",NA,NA
"831","Pecten novaezelandiae",NA,NA
"832","Pectinidae",NA,NA
"833","Pelates quadrilineatus",0,NA
"834","Pellona ditchela",6,55
"835","Penaeidae",NA,NA
"836","Penaeus",NA,NA
"837","Penaeus aztecus",NA,NA
"838","Penaeus brasiliensis",NA,NA
"839","Penaeus brevirostris",NA,NA
"840","Penaeus californiensis",NA,NA
"841","Penaeus chinensis",NA,NA
"842","Penaeus duorarum",NA,NA
"843","Penaeus indicus",NA,NA
"844","Penaeus japonicus",NA,NA
"845","Penaeus kerathurus",NA,NA
"846","Penaeus latisulcatus",NA,NA
"847","Penaeus merguiensis",NA,NA
"848","Penaeus monodon",NA,NA
"849","Penaeus notialis",NA,NA
"850","Penaeus occidentalis",NA,NA
"851","Penaeus paulensis",NA,NA
"852","Penaeus penicillatus",NA,NA
"853","Penaeus semisulcatus",NA,NA
"854","Penaeus setiferus",NA,NA
"855","Penaeus stylirostris",NA,NA
"856","Penaeus vannamei",NA,NA
"857","Pennahia argentata",20,140
"858","Pentaceros decacanthus",37,460
"859","Pentanemus quinquarius",10,70
"860","Peprilus",NA,NA
"861","Peprilus paru",15,136
"862","Peprilus triacanthus",15,420
"863","Perciformes",NA,NA
"864","Percophis brasiliensis",NA,NA
"865","Peristediidae",NA,NA
"866","Perna perna",NA,NA
"867","Perna viridis",NA,NA
"868","Petromyzon marinus",1,4099
"869","Petrus rupestris",10,NA
"870","Phycis",NA,NA
"871","Phycis blennoides",10,1200
"872","Phycis phycis",13,614
"873","Pitar rostratus",NA,NA
"874","Placopecten magellanicus",NA,NA
"875","Planiliza haematocheila",5,10
"876","Platax",NA,NA
"877","Platichthys flesus",1,100
"878","Platichthys stellatus",0,375
"879","Platycephalidae",NA,NA
"880","Platycephalus indicus",20,200
"881","Plectorhinchus gaterinus",NA,55
"882","Plectorhinchus mediterraneus",10,180
"883","Plectorhinchus schotaf",0,80
"884","Plectropomus areolatus",1,20
"885","Plectropomus leopardus",3,100
"886","Plectropomus pessuliferus",25,147
"887","Pleoticus muelleri",NA,NA
"888","Pleoticus robustus",NA,NA
"889","Pleuragramma antarctica",0,728
"890","Pleurogrammus azonus",0,240
"891","Pleurogrammus monopterygius",0,720
"892","Pleuroncodes monodon",NA,NA
"893","Pleuronectes platessa",0,200
"894","Pleuronectidae",NA,NA
"895","Pleuronectiformes",NA,NA
"896","Pleuronichthys decurrens",8,533
"897","Plotosus",NA,NA
"898","Pogonias cromis",10,NA
"899","Pogonophryne permitini",430,1120
"900","Polititapes rhomboides",NA,NA
"901","Pollachius pollachius",40,200
"902","Pollachius virens",37,364
"903","Pollicipes pollicipes",NA,NA
"904","Polydactylus quadrifilis",15,55
"905","Polynemidae",NA,NA
"906","Polyprion americanus",40,600
"907","Polyprion oxygeneios",50,854
"908","Pomacanthidae",NA,NA
"909","Pomacanthus maculosus",4,50
"910","Pomadasys argenteus",15,115
"911","Pomadasys incisus",10,100
"912","Pomadasys jubelini",NA,100
"913","Pomadasys kaakan",NA,75
"914","Pomadasys stridens",NA,68
"915","Pomatomus saltatrix",0,200
"916","Pontinus kuhlii",100,600
"917","Portunidae",NA,NA
"918","Portunus",NA,NA
"919","Portunus pelagicus",NA,NA
"920","Portunus trituberculatus",NA,NA
"921","Priacanthus",NA,NA
"922","Priacanthus macracanthus",12,400
"923","Prionace glauca",1,1000
"924","Prionotus",NA,NA
"925","Pristidae",NA,NA
"926","Pristiophorus",NA,NA
"927","Pristipomoides macrophthalmus",110,550
"928","Prolatilus jugularis",NA,NA
"929","Promethichthys prometheus",80,800
"930","Psenopsis anomala",0,370
"931","Psettichthys melanostictus",1,325
"932","Psettodes belcheri",NA,150
"933","Psettodes erumei",1,100
"934","Pseudobatos percellens",0,110
"935","Pseudocaranx dentex",10,238
"936","Pseudochaenichthys georgianus",0,475
"937","Pseudocyttus maculatus",400,1500
"938","Pentaceros richardsoni",0,1000
"939","Pseudopercis semifasciata",NA,100
"940","Pseudophycis bachus",26,700
"941","Pseudopleuronectes americanus",5,143
"942","Pseudopleuronectes herzensteini",NA,NA
"943","Pseudotolithus",NA,NA
"944","Pseudotolithus elongatus",0,100
"945","Pseudotolithus senegalensis",0,70
"946","Pseudotolithus senegallus",0,150
"947","Pseudupeneus prayensis",10,300
"948","Pterogymnus laniarius",20,150
"949","Pteroscion peli",0,200
"950","Pterygotrigla",NA,NA
"951","Pterygotrigla polyommata",18,300
"952","Pyura chilensis",NA,NA
"953","Rachycentron canadum",0,1200
"954","Raja",NA,NA
"955","Raja asterias",2,343
"956","Raja brachyura",10,380
"957","Raja clavata",5,1020
"958","Raja microocellata",NA,100
"959","Raja montagui",8,530
"960","Raja undulata",50,200
"961","Rajella lintea",150,2117
"962","Rajidae",NA,NA
"963","Rajiformes",NA,NA
"964","Rapana",NA,NA
"965","Rastrelliger",NA,NA
"966","Rastrelliger brachysoma",15,200
"967","Rastrelliger kanagurta",20,90
"968","Regalecus glesne",20,1000
"969","Reinhardtius hippoglossoides",1,2200
"970","Rexea solandri",100,800
"971","Rhabdosargus globiceps",NA,100
"972","Rhabdosargus haffara",10,NA
"973","Rhinobatidae",NA,NA
"974","Rhinobatos",NA,NA
"975","Rhinochimaera atlantica",200,1500
"976","Rhomboplites aurorubens",40,300
"977","Rhynchobatus djiddensis",1,75
"978","Ruditapes decussatus",NA,NA
"979","Ruditapes philippinarum",NA,NA
"980","Ruvettus pretiosus",100,800
"981","Salilota australis",30,1000
"982","Salmo",NA,NA
"983","Salmonidae",NA,NA
"984","Salmo salar",0,210
"985","Salvelinus",NA,NA
"986","Salvelinus alpinus",0,70
"987","Salvelinus malma",0,200
"988","Sarda chiliensis",0,100
"989","Sarda lineolata",NA,NA
"990","Sarda orientalis",1,167
"991","Sarda sarda",80,200
"992","Sardina pilchardus",10,100
"993","Sardinella",NA,NA
"994","Sardinella aurita",0,350
"995","Sardinella brasiliensis",5,60
"996","Sardinella gibbosa",10,70
"997","Sardinella lemuru",15,100
"998","Sardinella longiceps",20,200
"999","Sardinella maderensis",0,80
"1000","Sardinella zunasi",5,NA
"1001","Sardinops sagax",0,200
"1002","Sargocentron spiniferum",1,122
"1003","Sarpa salpa",5,70
"1004","Saurida tumbil",NA,700
"1005","Saurida undosquamis",1,350
"1006","Saxidomus gigantea",NA,NA
"1007","Scarus ghobban",1,90
"1008","Scarus persicus",1,25
"1009","Scatophagus",NA,NA
"1010","Schedophilus ovalis",70,700
"1011","Schedophilus pemarco",50,500
"1012","Sciaena umbra",1,200
"1013","Sciaenidae",NA,NA
"1014","Sciaenops ocellatus",10,NA
"1015","Sclerocrangon",NA,NA
"1016","Scolopsis",NA,NA
"1017","Scolopsis taeniata",20,50
"1018","Scomber",NA,NA
"1019","Scomber australasicus",87,200
"1020","Scomberesocidae",NA,NA
"1021","Scomberesox saurus",0,30
"1022","Scomber japonicus",0,300
"1023","Scomberoides",NA,NA
"1024","Scomberoides commersonnianus",NA,50
"1025","Scomberoides lysan",0,100
"1026","Scomberoides tol",20,50
"1027","Scomberomorus",NA,NA
"1028","Scomberomorus brasiliensis",NA,NA
"1029","Scomberomorus cavalla",5,140
"1030","Scomberomorus commerson",10,70
"1031","Scomberomorus guttatus",15,200
"1032","Scomberomorus lineolatus",NA,NA
"1033","Scomberomorus maculatus",10,35
"1034","Scomberomorus niphonius",0,200
"1035","Scomberomorus regalis",1,20
"1036","Scomberomorus sierra",10,60
"1037","Scomberomorus tritor",1,40
"1038","Scomber scombrus",0,1000
"1039","Scombridae",NA,NA
"1040","Scophthalmidae",NA,NA
"1041","Scophthalmus aquosus",55,73
"1042","Scophthalmus maximus",20,70
"1043","Scophthalmus rhombus",5,50
"1044","Scorpaena",NA,NA
"1045","Scorpaena porcus",NA,800
"1046","Scorpaena scrofa",20,500
"1047","Scorpaenichthys marmoratus",0,200
"1048","Scorpaenidae",NA,NA
"1049","Scorpaeniformes",NA,NA
"1050","Scyliorhinidae",NA,NA
"1051","Scyliorhinus",NA,NA
"1052","Scyliorhinus canicula",10,780
"1053","Scyliorhinus stellaris",1,400
"1054","Scyllaridae",NA,NA
"1055","Scyllarides",NA,NA
"1056","Scyllarides latus",NA,NA
"1057","Scylla serrata",NA,NA
"1058","Scymnodon ringens",200,1600
"1059","Sebastes",NA,NA
"1060","Sebastes alutus",0,825
"1061","Sebastes entomelas",0,549
"1062","Sebastes flavidus",0,549
"1063","Sebastes goodei",0,425
"1064","Sebastes melanops",0,366
"1065","Sebastes mentella",300,1441
"1066","Sebastes norvegicus",100,1000
"1067","Sebastes pinniger",0,838
"1068","Sebastes viviparus",50,300
"1069","Sebastolobus alascanus",17,1600
"1070","Selar crumenophthalmus",0,170
"1071","Selaroides leptolepis",1,50
"1072","Selene dorsalis",20,100
"1073","Selene setapinnis",0,55
"1074","Semele solida",NA,NA
"1075","Semicossyphus pulcher",0,55
"1076","Sepia officinalis",NA,NA
"1077","Sepiida",NA,NA
"1078","Sepiidae",NA,NA
"1079","Sergestidae",NA,NA
"1080","Seriola",NA,NA
"1081","Seriola dumerili",1,360
"1082","Seriola lalandi",3,825
"1083","Seriolella",NA,NA
"1084","Seriolella brama",22,400
"1085","Seriolella caerulea",1,800
"1086","Seriolella punctata",27,650
"1087","Seriolina nigrofasciata",20,150
"1088","Serranidae",NA,NA
"1089","Serranus",NA,NA
"1090","Serranus cabrilla",5,500
"1091","Sicyonia brevirostris",NA,NA
"1092","Sicyonia ingentis",NA,NA
"1093","Siganus",NA,NA
"1094","Siliqua patula",NA,NA
"1095","Sillaginidae",NA,NA
"1096","Sillago sihama",0,60
"1097","Solea",NA,NA
"1098","Solea senegalensis",12,65
"1099","Solea solea",0,150
"1100","Soleidae",NA,NA
"1101","Solen",NA,NA
"1102","Solenidae",NA,NA
"1103","Solenocera agassizii",NA,NA
"1104","Somniosus microcephalus",0,2992
"1105","Sparidae",NA,NA
"1106","Sparisoma cretense",20,50
"1107","Sparus aurata",1,150
"1108","Spectrunculus grandis",800,4300
"1109","Sphoeroides",NA,NA
"1110","Sphoeroides maculatus",10,183
"1111","Sphyraena",NA,NA
"1112","Sphyraena barracuda",1,100
"1113","Sphyraena jello",20,200
"1114","Sphyraena obtusata",5,200
"1115","Sphyrna",NA,NA
"1116","Sphyrna lewini",0,1000
"1117","Sphyrna zygaena",0,200
"1118","Sphyrnidae",NA,NA
"1119","Spicara",NA,NA
"1120","Spicara maena",30,130
"1121","Spicara smaris",15,328
"1122","Spisula",NA,NA
"1123","Spisula solida",NA,NA
"1124","Spisula solidissima",NA,NA
"1125","Spondyliosoma cantharus",5,300
"1126","Spratelloides gracilis",NA,40
"1127","Sprattus fuegensis",10,NA
"1128","Sprattus sprattus",10,150
"1129","Squalidae",NA,NA
"1130","Squaliformes",NA,NA
"1131","Squalus",NA,NA
"1132","Squalus acanthias",0,1460
"1133","Squatina argentina",100,400
"1134","Squatina squatina",5,150
"1135","Squatinidae",NA,NA
"1136","Squilla mantis",NA,NA
"1137","Squillidae",NA,NA
"1138","Stenodus leucichthys",10,NA
"1139","Stenotomus chrysops",15,NA
"1140","Stephanolepis cirrhifer",NA,NA
"1141","Stereolepis gigas",5,46
"1142","Stolephorus",NA,NA
"1143","Stomatopoda",NA,NA
"1144","Strangomera bentincki",0,70
"1145","Stromateidae",NA,NA
"1146","Stromateus fiatola",10,70
"1147","Strombus",NA,NA
"1148","Synodontidae",NA,NA
"1149","Taractichthys steindachneri",50,700
"1150","Tautoga onitis",1,75
"1151","Tautogolabrus adspersus",10,128
"1152","Tawera elliptica",NA,NA
"1153","Tegillarca granosa",NA,NA
"1154","Tellina",NA,NA
"1155","Tenualosa ilisha",NA,200
"1156","Tenualosa toli",10,NA
"1157","Terapon jarbua",20,350
"1158","Tetraodontidae",NA,NA
"1159","Tetrapturus angustirostris",0,1830
"1160","Tetrapturus pfluegeri",0,200
"1161","Teuthida",NA,NA
"1162","Thalassoma pavo",1,150
"1163","Thaleichthys pacificus",0,300
"1164","Thenus orientalis",NA,NA
"1165","Thunnus",NA,NA
"1166","Thunnus alalunga",0,600
"1167","Thunnus albacares",1,250
"1168","Thunnus atlanticus",50,NA
"1169","Thunnus maccoyii",50,2743
"1170","Thunnus obesus",0,1500
"1171","Thunnus orientalis",1,550
"1172","Thunnus thynnus",0,985
"1173","Thunnus tonggol",10,NA
"1174","Thyrsites atun",0,550
"1175","Tivela mactroides",NA,NA
"1176","Todarodes pacificus",NA,NA
"1177","Todarodes sagittatus",NA,NA
"1178","Tonna galea",NA,NA
"1179","Trachichthyidae",NA,NA
"1180","Trachinidae",NA,NA
"1181","Trachinotus",NA,NA
"1182","Trachinotus blochii",1,7
"1183","Trachinotus carolinus",1,70
"1184","Trachinotus mookalee",NA,NA
"1185","Trachinotus ovatus",50,200
"1186","Trachinus",NA,NA
"1187","Trachinus draco",1,150
"1188","Trachipterus",NA,NA
"1189","Trachurus",NA,NA
"1190","Trachurus capensis",0,500
"1191","Trachurus declivis",27,460
"1192","Trachurus japonicus",0,275
"1193","Trachurus lathami",30,200
"1194","Trachurus mediterraneus",0,500
"1195","Trachurus murphyi",10,306
"1196","Trachurus picturatus",305,370
"1197","Trachurus symmetricus",0,400
"1198","Trachurus trachurus",0,1050
"1199","Trachurus trecae",20,100
"1200","Trachyrincus scabrus",395,1700
"1201","Trachysalambria curvirostris",NA,NA
"1202","Trematomus",NA,NA
"1203","Trematomus eulepidotus",70,650
"1204","Trematomus hansoni",6,549
"1205","Tresus",NA,NA
"1206","Triakidae",NA,NA
"1207","Trichiuridae",NA,NA
"1208","Trichiurus lepturus",0,589
"1209","Trigla",NA,NA
"1210","Trigla lyra",NA,700
"1211","Triglidae",NA,NA
"1212","Tripterophycis gilchristi",100,1000
"1213","Trisopterus esmarkii",50,300
"1214","Trisopterus luscus",30,100
"1215","Trisopterus minutus",1,440
"1216","Turbo cornutus",NA,NA
"1217","Tylosurus",NA,NA
"1218","Tylosurus crocodilus",0,13
"1219","Umbrina canariensis",50,300
"1220","Umbrina canosai",NA,200
"1221","Umbrina cirrosa",0,100
"1222","Upeneus",NA,NA
"1223","Upogebia pugettensis",NA,NA
"1224","Urophycis brasiliensis",24,190
"1225","Urophycis chuss",35,1152
"1226","Urophycis tenuis",100,1000
"1227","Variola louti",3,300
"1228","Veneridae",NA,NA
"1229","Venerupis corrugata",NA,NA
"1230","Venus verrucosa",NA,NA
"1231","Xiphias gladius",0,2878
"1232","Xiphopenaeus kroyeri",NA,NA
"1233","Zanclorhynchus spinifer",5,1000
"1234","Zearaja nasuta",10,1500
"1235","Zeidae",NA,NA
"1236","Zenopsis conchifer",50,600
"1237","Zenopsis nebulosa",30,800
"1238","Zeus faber",5,400
"1239","Zidona dufresnei",NA,NA
"1240","Zoarces americanus",0,388
"1241","Zoarces viviparus",0,40
"1242","Zygochlamys patagonica",NA,NA
